Syscall N#,Syscall name,Fuschia,Kerla,HermiTux,Unikraft
0,read,Thu May 6 03:18:28 2021 +0000,Wed Mar 24 02:57:45 2021 +0900,Tue Oct 24 19:13:04 2017 -0400,Thu Jan 9 15:30:10 2020 +0100
1,write,Thu May 6 03:18:28 2021 +0000,Wed Mar 24 02:57:45 2021 +0900,Thu Sep 21 21:01:57 2017 -0400,Thu Jan 9 15:30:09 2020 +0100
2,open,Fri Jan 14 03:35:19 2022 +0000,Fri Mar 26 08:37:07 2021 +0900,Mon Oct 16 12:11:48 2017 -0400,Sat May 9 09:29:41 2020 +0300
3,close,Thu May 6 03:18:28 2021 +0000,Fri Mar 26 08:37:29 2021 +0900,Tue Oct 24 19:13:04 2017 -0400,Fri Apr 17 22:41:12 2020 +0300
4,stat,Thu Jan 13 00:31:47 2022 +0000,Wed Mar 24 23:39:49 2021 +0900,Sat Nov 18 16:19:42 2017 -0500,Mon Feb 15 11:48:15 2021 +0200
5,fstat,Thu May 6 03:18:28 2021 +0000,Thu Apr 22 22:15:23 2021 +0900,Sat Nov 18 16:19:42 2017 -0500,Thu Jan 9 15:30:11 2020 +0100
6,lstat,Thu Jan 13 00:31:47 2022 +0000,Sat Apr 3 15:14:51 2021 +0900,Sat Nov 18 16:19:42 2017 -0500,Sat May 2 21:18:34 2020 +0300
7,poll,Thu Nov 4 00:32:53 2021 +0000,Wed Mar 31 22:06:49 2021 +0900,Thu Dec 3 21:32:06 2020 +0000,
8,lseek,Thu Jun 3 16:21:07 2021 +0000,,Tue Oct 24 19:13:04 2017 -0400,Fri Apr 17 22:41:13 2020 +0300
9,mmap,Thu May 6 03:18:28 2021 +0000,Mon Apr 5 22:30:46 2021 +0900,Tue Oct 24 19:13:04 2017 -0400,Fri Jul 17 15:47:15 2020 +0300
10,mprotect,Thu May 6 03:18:28 2021 +0000,,Fri Dec 8 10:01:17 2017 -0500,Thu Feb 10 14:53:44 2022 +0100
11,munmap,Thu May 6 03:18:28 2021 +0000,,Tue Oct 17 16:53:51 2017 -0400,Fri Jul 17 15:47:15 2020 +0300
12,brk,Thu May 6 03:18:28 2021 +0000,Wed Mar 24 02:57:45 2021 +0900,Tue Oct 17 16:53:51 2017 -0400,
13,rt_sigaction,Fri May 7 19:23:31 2021 +0000,Sun Apr 18 15:40:42 2021 +0900,Sun Nov 19 20:21:11 2017 -0500,
14,rt_sigprocmask,Thu May 6 03:18:28 2021 +0000,Tue Dec 7 14:33:30 2021 +0100,Thu Nov 23 20:39:32 2017 -0500,
15,rt_sigreturn,Mon May 24 20:49:49 2021 +0000,Sun May 2 07:25:45 2021 +0000,,
16,ioctl,Thu May 6 03:18:28 2021 +0000,Wed Mar 24 02:57:45 2021 +0900,Thu Oct 12 17:19:41 2017 -0400,Tue Mar 16 21:58:34 2021 +0200
17,pread64,Thu May 6 03:18:28 2021 +0000,,Sat Oct 6 20:55:34 2018 -0400,Tue Feb 16 15:35:03 2021 +0100
18,pwrite64,Tue Jun 29 20:21:19 2021 +0000,,Sat Oct 6 20:55:34 2018 -0400,Tue Feb 16 15:39:50 2021 +0100
19,readv,Wed May 19 18:45:09 2021 +0000,,Tue Oct 24 20:18:07 2017 -0400,Thu Jan 9 15:30:10 2020 +0100
20,writev,Thu May 6 03:18:28 2021 +0000,Wed Mar 24 02:57:45 2021 +0900,Fri Oct 13 11:13:36 2017 -0400,Wed Jun 5 17:55:09 2019 +0200
21,access,Thu May 6 03:18:28 2021 +0000,,Wed Dec 6 19:58:48 2017 -0500,Tue Apr 28 15:07:38 2020 +0300
22,pipe,Thu Jan 13 22:55:06 2022 +0000,Sun Apr 18 21:13:11 2021 +0900,Wed Nov 25 17:38:02 2020 +0000,Sat May 9 09:29:45 2020 +0300
23,select,,Sun Apr 18 22:16:41 2021 +0900,Tue Oct 2 20:27:31 2018 -0400,
24,sched_yield,,,Thu Mar 29 18:47:00 2018 -0400,Wed Feb 17 14:37:33 2021 +0100
25,mremap,Tue Nov 9 00:01:22 2021 +0000,,Thu Oct 18 19:22:14 2018 -0400,Tue Mar 16 22:49:39 2021 +0200
26,msync,Tue Aug 3 13:11:26 2021 +0000,,,
27,mincore,,,Fri Aug 3 15:18:45 2018 -0400,
28,madvise,Tue Oct 19 19:16:54 2021 +0000,,Tue Nov 21 15:28:12 2017 -0500,Tue Mar 23 16:14:24 2021 +0200
29,shmget,,,,
30,shmat,,,,
31,shmctl,,,,
32,dup,Fri Jul 16 15:25:16 2021 +0000,,,Tue Apr 28 15:07:45 2020 +0300
33,dup2,,Thu Apr 22 22:17:08 2021 +0900,Sun Oct 13 20:31:13 2019 -0500,Tue Apr 28 15:07:47 2020 +0300
34,pause,,,,Sun Feb 14 20:30:26 2021 +0200
35,nanosleep,Thu Jun 3 16:51:03 2021 +0000,,Tue Oct 17 16:53:51 2017 -0400,Sun Jan 24 15:49:23 2021 +0200
36,getitimer,Fri May 21 19:19:36 2021 +0000,,,
37,alarm,,,,Sun Feb 14 20:45:42 2021 +0200
38,setitimer,Fri May 21 19:19:36 2021 +0000,,,Wed Feb 17 15:00:20 2021 +0100
39,getpid,Thu May 6 03:18:28 2021 +0000,Thu Apr 22 22:18:15 2021 +0900,Tue Oct 17 16:53:51 2017 -0400,Fri Jul 17 15:47:14 2020 +0300
40,sendfile,,,Fri Oct 5 19:56:15 2018 -0400,
41,socket,Thu Sep 2 01:00:52 2021 +0000,Wed Mar 31 22:02:22 2021 +0900,Sun Nov 19 20:21:11 2017 -0500,
42,connect,Tue Sep 7 23:35:27 2021 +0000,Sat Apr 3 15:09:32 2021 +0900,Thu Nov 23 23:50:29 2017 +0100,
43,accept,Sat Oct 2 00:33:05 2021 +0000,Tue Apr 6 19:51:35 2021 +0900,Fri Nov 24 00:48:03 2017 +0100,
44,sendto,Mon Oct 4 16:37:53 2021 +0000,Wed Mar 31 22:05:14 2021 +0900,Wed Oct 3 19:17:49 2018 -0400,
45,recvfrom,Mon Oct 4 16:37:53 2021 +0000,Wed Mar 31 22:06:08 2021 +0900,Fri Nov 24 00:48:03 2017 +0100,
46,sendmsg,Thu Sep 9 19:48:55 2021 +0000,,,
47,recvmsg,Thu Sep 9 19:48:55 2021 +0000,,,
48,shutdown,Thu Sep 9 19:48:55 2021 +0000,Wed Dec 15 20:13:58 2021 +0900,Fri Nov 24 23:12:14 2017 +0100,
49,bind,Thu Sep 2 01:00:52 2021 +0000,Wed Mar 31 22:04:12 2021 +0900,Sun Nov 19 20:21:11 2017 -0500,
50,listen,Sat Oct 2 00:33:05 2021 +0000,Tue Apr 6 19:51:35 2021 +0900,Thu Nov 23 23:50:29 2017 +0100,
51,getsockname,Tue Sep 28 01:01:19 2021 +0000,Thu Apr 22 22:20:08 2021 +0900,Thu Nov 23 23:50:29 2017 +0100,
52,getpeername,Tue Sep 28 01:01:19 2021 +0000,Thu Apr 22 22:21:07 2021 +0900,Fri Oct 5 11:45:44 2018 -0400,
53,socketpair,Tue Sep 7 23:29:20 2021 +0000,,,
54,setsockopt,Sat Oct 2 02:18:37 2021 +0000,,Sun Nov 19 20:21:11 2017 -0500,
55,getsockopt,Sat Oct 2 02:18:37 2021 +0000,Thu May 6 20:56:22 2021 +0900,,
56,clone,Fri May 14 18:25:54 2021 +0000,,Sun Mar 25 15:10:47 2018 -0400,
57,fork,,Fri Mar 26 08:28:00 2021 +0900,,Tue Feb 16 16:02:26 2021 +0100
58,vfork,,,,Tue Feb 16 16:02:26 2021 +0100
59,execve,Mon May 17 18:48:13 2021 +0000,Fri Mar 26 08:30:59 2021 +0900,,Tue Feb 16 16:48:08 2021 +0100
60,exit,Thu May 6 03:18:28 2021 +0000,Wed Mar 24 02:57:45 2021 +0900,Tue Oct 24 19:13:04 2017 -0400,
61,wait4,Thu May 27 12:28:57 2021 +0000,Fri Mar 26 08:33:05 2021 +0900,,Tue Feb 16 16:51:52 2021 +0100
62,kill,Thu May 13 18:52:47 2021 +0000,Sat Feb 26 11:07:45 2022 +0000,,
63,uname,Thu May 6 03:18:28 2021 +0000,Sun Apr 4 23:52:01 2021 +0900,Tue Nov 14 18:27:57 2017 -0500,Wed Jan 22 23:36:06 2020 +0100
64,semget,,,,
65,semop,,,,
66,semctl,,,,
67,shmdt,,,,
68,msgget,,,,
69,msgsnd,,,,
70,msgrcv,,,,
71,msgctl,,,,
72,fcntl,Thu May 6 03:18:28 2021 +0000,Sat Apr 17 14:21:37 2021 +0900,Wed Oct 25 18:00:42 2017 -0400,Fri May 22 14:52:05 2020 +0200
73,flock,Thu Sep 9 17:15:51 2021 +0000,,,Sat May 2 21:18:35 2020 +0300
74,fsync,,Sat Apr 17 22:10:35 2021 +0900,Mon Dec 10 19:38:30 2018 -0500,Sat May 2 21:18:31 2020 +0300
75,fdatasync,,,Mon Dec 10 19:38:30 2018 -0500,Sat May 2 21:18:31 2020 +0300
76,truncate,Thu Jul 8 15:56:07 2021 +0000,,,Fri Apr 17 22:41:16 2020 +0300
77,ftruncate,Thu Jul 8 15:56:07 2021 +0000,,,Fri Apr 17 22:41:15 2020 +0300
78,getdents,Thu Jul 29 20:29:36 2021 +0000,,Wed Feb 27 08:22:01 2019 -0500,Thu Apr 22 19:49:28 2021 +0300
79,getcwd,Thu May 6 03:18:28 2021 +0000,Thu Apr 8 23:28:38 2021 +0900,Sat Nov 18 16:38:58 2017 -0500,Fri Jul 17 12:47:00 2020 +0000
80,chdir,Thu Jul 8 17:50:56 2021 +0000,Sat Apr 3 15:16:42 2021 +0900,Wed Oct 3 19:17:49 2018 -0400,Tue Apr 28 15:07:43 2020 +0300
81,fchdir,Thu Jul 8 17:50:56 2021 +0000,,,Tue Apr 28 15:07:44 2020 +0300
82,rename,Thu Jan 13 22:50:14 2022 +0000,,,Sat May 2 21:18:30 2020 +0300
83,mkdir,Fri Jan 14 03:52:39 2022 +0000,Mon Apr 5 20:28:26 2021 +0900,Tue Nov 21 12:05:56 2017 -0500,Mon Feb 15 19:07:37 2021 +0200
84,rmdir,Fri Jan 14 03:45:22 2022 +0000,,Tue Nov 21 12:05:56 2017 -0500,Sat May 2 21:18:29 2020 +0300
85,creat,,,Mon Dec 10 19:38:30 2018 -0500,Mon Feb 15 19:24:17 2021 +0200
86,link,,Sat Apr 17 21:57:59 2021 +0900,,Fri Apr 17 22:41:14 2020 +0300
87,unlink,Fri Jan 14 03:45:22 2022 +0000,,Wed Oct 25 18:00:42 2017 -0400,Mon Feb 15 19:47:45 2021 +0200
88,symlink,,,,Mon Feb 15 19:53:13 2021 +0200
89,readlink,Thu May 6 03:18:28 2021 +0000,Thu Apr 22 22:14:15 2021 +0900,Wed Dec 6 19:58:48 2017 -0500,Thu Jan 9 15:30:12 2020 +0100
90,chmod,Thu Jan 13 22:39:20 2022 +0000,Thu Apr 22 22:15:54 2021 +0900,,Tue Apr 28 15:07:41 2020 +0300
91,fchmod,Fri Aug 6 20:00:50 2021 +0000,,,Tue Apr 28 15:07:42 2020 +0300
92,chown,,,,Tue Mar 16 23:00:04 2021 +0200
93,fchown,Mon Sep 13 18:53:17 2021 +0000,,,Tue Mar 16 23:13:52 2021 +0200
94,lchown,,,,Tue Mar 16 23:20:16 2021 +0200
95,umask,Mon May 17 20:28:11 2021 +0000,,Thu Oct 18 16:59:12 2018 -0400,Sat May 2 21:18:33 2020 +0300
96,gettimeofday,Thu May 6 03:18:28 2021 +0000,,Mon Oct 16 12:11:48 2017 -0400,Sun Feb 14 21:08:14 2021 +0200
97,getrlimit,Wed Nov 3 03:24:08 2021 +0000,,Sat Apr 14 18:07:57 2018 -0400,Tue Feb 16 16:57:27 2021 +0100
98,getrusage,Tue May 25 22:38:48 2021 +0000,,,Wed Feb 17 14:37:33 2021 +0100
99,sysinfo,,,Wed Apr 25 15:33:45 2018 -0400,Wed Feb 17 11:44:06 2021 +0100
100,times,,,,Sun Feb 14 22:09:16 2021 +0200
101,ptrace,,,,
102,getuid,Thu May 6 03:18:28 2021 +0000,,Wed Dec 6 19:58:48 2017 -0500,Fri Jan 29 18:19:31 2021 +0200
103,syslog,,Sat May 29 00:23:22 2021 +0900,,
104,getgid,Thu May 6 03:18:28 2021 +0000,,Wed Dec 6 19:58:48 2017 -0500,Fri Jan 29 18:27:13 2021 +0200
105,setuid,,,,Fri Jan 29 18:32:11 2021 +0200
106,setgid,Wed Apr 27 19:40:25 2022 +0000,,,Fri Jan 29 18:45:47 2021 +0200
107,geteuid,Thu May 6 03:18:28 2021 +0000,,Wed Dec 6 19:58:48 2017 -0500,Fri Jan 29 18:49:19 2021 +0200
108,getegid,Thu May 6 03:18:28 2021 +0000,,Wed Dec 6 19:58:48 2017 -0500,Fri Jan 29 19:08:02 2021 +0200
109,setpgid,Mon Mar 21 17:54:10 2022 +0000,Thu May 6 19:38:49 2021 +0900,,Sun Jan 24 14:36:05 2021 +0200
110,getppid,Thu May 6 03:18:28 2021 +0000,Wed Nov 3 08:22:35 2021 +0000,Sat Mar 17 18:44:23 2018 -0400,Fri Jul 17 15:47:14 2020 +0300
111,getpgrp,Thu May 6 03:18:28 2021 +0000,,,Mon Jan 18 11:37:27 2021 +0200
112,setsid,Mon Mar 21 18:01:30 2022 +0000,,Thu Oct 18 16:59:12 2018 -0400,Sun Jan 24 14:24:11 2021 +0200
113,setreuid,,,,Fri Jan 29 19:17:01 2021 +0200
114,setregid,,,,Fri Jan 29 19:33:45 2021 +0200
115,getgroups,Wed Aug 11 03:06:38 2021 +0000,,,Fri Jan 29 19:39:06 2021 +0200
116,setgroups,Wed Aug 11 03:06:38 2021 +0000,,,Fri Jan 29 19:46:53 2021 +0200
117,setresuid,Thu Apr 14 22:36:48 2022 +000,,,Fri Jan 29 19:51:44 2021 +0200
118,getresuid,Wed Aug 11 03:06:38 2021 +0000,,,Fri Jan 29 19:56:05 2021 +0200
119,setresgid,Thu Apr 14 22:36:48 2022 +000,,,Fri Jan 29 20:03:32 2021 +0200
120,getresgid,Wed Aug 11 03:06:38 2021 +0000,,,Fri Jan 29 20:06:38 2021 +0200
121,getpgid,Thu May 6 03:18:28 2021 +0000,Thu May 6 19:22:48 2021 +0900,,Mon Jan 18 11:20:49 2021 +0200
122,setfsuid,,,,Sat Mar 13 15:39:49 2021 +0200
123,setfsgid,,,,Sat Mar 13 15:57:35 2021 +0200
124,getsid,Mon Jun 21 22:13:36 2021 +0000,,,Sun Jan 24 14:13:56 2021 +0200
125,capget,Fri Aug 6 16:20:44 2021 +0000,,,Sat Mar 13 18:00:50 2021 +0200
126,capset,,,,Sat Mar 13 18:22:47 2021 +0200
127,rt_sigpending,,,,
128,rt_sigtimedwait,,,,
129,rt_sigqueueinfo,,,,
130,rt_sigsuspend,Thu May 13 23:19:20 2021 +0000,,,
131,sigaltstack,Thu May 6 03:18:28 2021 +0000,,Fri Aug 3 15:18:45 2018 -0400,
132,utime,,,,Wed Feb 17 16:08:54 2021 +0100
133,mknod,,,,
134,uselib,,,,
135,personality,,,,
136,ustat,,,,
137,statfs,Tue Aug 17 20:06:31 2021 +0000,,,Mon Mar 8 19:16:11 2021 +0200
138,fstatfs,Thu May 6 03:18:28 2021 +0000,,,Mon Mar 8 19:25:54 2021 +0200
139,sysfs,,,,
140,getpriority,,,Thu Oct 26 11:51:05 2017 -0400,Mon Jan 18 11:54:11 2021 +0200
141,setpriority,,,Fri Apr 27 10:08:28 2018 -0400,Sun Jan 24 13:59:39 2021 +0200
142,sched_setparam,,,,
143,sched_getparam,,,,
144,sched_setscheduler,,,,
145,sched_getscheduler,Thu May 6 03:18:28 2021 +0000,,,
146,sched_get_priority_max,,,,
147,sched_get_priority_min,,,,
148,sched_rr_get_interval,,,,
149,mlock,,,,
150,munlock,,,,
151,mlockall,,,,
152,munlockall,,,,
153,vhangup,,,,
154,modify_ldt,,,,
155,pivot_root,,,,
156,_sysctl,,,,
157,prctl,Thu May 6 03:18:28 2021 +0000,,,Tue Feb 16 17:21:22 2021 +0100
158,arch_prctl,Thu May 6 03:18:28 2021 +0000,Wed Mar 24 02:57:45 2021 +0900,Mon Oct 16 12:11:48 2017 -0400,
159,adjtimex,,,,
160,setrlimit,,,Fri Apr 27 10:08:28 2018 -0400,Tue Feb 16 16:57:27 2021 +0100
161,chroot,,,,Tue Mar 16 23:25:57 2021 +0200
162,sync,,,Mon Dec 10 19:38:30 2018 -0500,Mon Feb 15 20:07:30 2021 +0200
163,acct,,,,
164,settimeofday,,,,
165,mount,Mon Aug 9 20:26:13 2021 +0000,,,Mon Feb 15 12:16:22 2021 +0200
166,umount2,,,,Mon Feb 15 12:28:36 2021 +0200
167,swapon,,,,
168,swapoff,,,,
169,reboot,Thu Apr 7 22:32:52 2022 +0000,Thu Nov 4 21:00:45 2021 +0900,,
170,sethostname,,,Fri Apr 27 10:08:28 2018 -0400,Mon Jan 11 13:22:39 2021 +0200
171,setdomainname,,,,
172,iopl,,,,
173,ioperm,,,,
174,create_module,,,,
175,init_module,,,,
176,delete_module,,,,
177,get_kernel_syms,,,,
178,query_module,,,,
179,quotactl,,,,
180,nfsservctl,,,,
181,getpmsg,,,,
182,putpmsg,,,,
183,afs_syscall,,,,
184,tuxcall,,,,
185,security,,,,
186,gettid,Thu May 6 03:18:28 2021 +0000,Fri Nov 12 14:00:35 2021 +0100,Thu Nov 23 20:39:32 2017 -0500,
187,readahead,,,,
188,setxattr,Thu Apr 7 22:01:23 2022 +0000,,,
189,lsetxattr,Thu Apr 7 22:01:23 2022 +0000,,,
190,fsetxattr,Wed Sep 15 01:26:19 2021 +0000,,,
191,getxattr,Thu Apr 7 22:01:23 2022 +0000,,,
192,lgetxattr,Thu Apr 7 22:01:23 2022 +0000,,,
193,fgetxattr,,,,
194,listxattr,Thu Apr 7 22:01:23 2022 +0000,,,
195,llistxattr,Thu Apr 7 22:01:23 2022 +0000,,,
196,flistxattr,Thu Apr 7 22:01:23 2022 +0000,,,
197,removexattr,Thu Apr 7 22:01:23 2022 +0000,,,
198,lremovexattr,Thu Apr 7 22:01:23 2022 +0000,,,
199,fremovexattr,Thu Apr 7 22:01:23 2022 +0000,,,
200,tkill,,,Thu Nov 23 20:39:32 2017 -0500,
201,time,,,Wed Dec 6 19:58:48 2017 -0500,Sun Feb 14 21:50:13 2021 +0200
202,futex,Tue Jun 29 05:27:44 2021 +0000,,Thu Mar 29 18:47:00 2018 -0400,
203,sched_setaffinity,Thu May 6 03:18:28 2021 +0000,,Wed Dec 6 19:58:48 2017 -0500,
204,sched_getaffinity,Thu May 6 03:18:28 2021 +0000,,Thu Mar 29 18:47:00 2018 -0400,
205,set_thread_area,,,,
206,io_setup,,,,
207,io_destroy,,,,
208,io_getevents,,,,
209,io_submit,,,,
210,io_cancel,,,,
211,get_thread_area,,,,
212,lookup_dcookie,,,,
213,epoll_create,Thu Aug 26 01:26:18 2021 +0000,,,
214,epoll_ctl_old,,,,
215,epoll_wait_old,,,,
216,remap_file_pages,,,,
217,getdents64,Thu Jul 29 20:29:36 2021 +0000,Sat Apr 3 15:17:56 2021 +0900,Fri Oct 5 18:47:14 2018 -0400,
218,set_tid_address,Thu May 6 03:18:28 2021 +0000,Wed Mar 24 02:57:45 2021 +0900,Mon Oct 16 12:11:48 2017 -0400,
219,restart_syscall,,,,
220,semtimedop,,,,
221,fadvise64,,,,
222,timer_create,,,,Wed Feb 17 15:11:55 2021 +0100
223,timer_settime,,,,Wed Feb 17 15:11:55 2021 +0100
224,timer_gettime,,,,Wed Feb 17 15:11:55 2021 +0100
225,timer_getoverrun,,,,Wed Feb 17 15:11:55 2021 +0100
226,timer_delete,,,,Wed Feb 17 15:11:55 2021 +0100
227,clock_settime,,,,Wed Feb 17 14:58:50 2021 +0100
228,clock_gettime,Thu May 6 03:18:28 2021 +0000,Sun Apr 4 17:19:04 2021 +0900,Mon Oct 16 12:11:48 2017 -0400,Fri Apr 17 22:41:16 2020 +0300
229,clock_getres,Fri Jul 9 20:53:47 2021 +0000,,Fri Apr 27 10:08:28 2018 -0400,Wed Feb 17 14:59:58 2021 +0100
230,clock_nanosleep,,,,
231,exit_group,Thu May 6 03:18:28 2021 +0000,Wed Dec 15 20:14:03 2021 +0900,Fri Oct 13 11:13:36 2017 -0400,
232,epoll_wait,Thu Aug 26 01:26:18 2021 +0000,,,
233,epoll_ctl,Thu Aug 26 01:26:18 2021 +0000,,,
234,tgkill,Sat May 15 00:03:36 2021 +0000,,Wed Dec 6 19:58:48 2017 -0500,
235,utimes,,Mon Apr 5 20:14:32 2021 +0900,,Sat May 2 21:18:27 2020 +0300
236,vserver,,,,
237,mbind,,,,
238,set_mempolicy,,,,
239,get_mempolicy,,,,
240,mq_open,,,,
241,mq_unlink,,,,
242,mq_timedsend,,,,
243,mq_timedreceive,,,,
244,mq_notify,,,,
245,mq_getsetattr,,,,
246,kexec_load,,,,
247,waitid,Wed Aug 18 11:14:10 2021 +0000,,,
248,add_key,,,,
249,request_key,,,,
250,keyctl,,,,
251,ioprio_set,,,,
252,ioprio_get,,,,
253,inotify_init,,,,
254,inotify_add_watch,,,,
255,inotify_rm_watch,,,,
256,migrate_pages,,,,
257,openat,Thu May 6 03:18:28 2021 +0000,,Wed Dec 6 19:58:48 2017 -0500,Thu May 21 10:24:35 2020 +0200
258,mkdirat,Tue Jul 13 20:43:07 2021 +0000,,,
259,mknodat,Tue Jul 13 20:43:07 2021 +0000,,,
260,fchownat,Thu Jul 15 12:23:24 2021 +0000,,,
261,futimensat,,,,Fri Jan 15 18:33:12 2021 +0200
262,newfstatat,Thu May 6 18:59:23 2021 +0000,,Wed Nov 25 17:38:02 2020 +0000,Sat Apr 24 20:27:25 2021 +0300
263,unlinkat,Wed Jul 14 01:51:41 2021 +0000,,,
264,renameat,Tue Aug 17 18:14:41 2021 +0000,,,
265,linkat,Thu Aug 12 21:37:12 2021 +0000,Sat Apr 17 21:57:59 2021 +0900,,
266,symlinkat,Fri Jul 16 12:55:14 2021 +0000,,,
267,readlinkat,Thu May 6 18:59:23 2021 +0000,,,
268,fchmodat,Wed Jul 14 21:37:07 2021 +0000,,,
269,faccessat,Thu May 6 18:59:23 2021 +0000,,,Tue Apr 28 15:07:39 2020 +0300
270,pselect6,,,,
271,ppoll,Tue Oct 12 02:31:02 2021 +0000,,,
272,unshare,,,,
273,set_robust_list,,,Sat Apr 14 18:07:57 2018 -0400,
274,get_robust_list,,,Sat Apr 14 18:07:57 2018 -0400,
275,splice,,,,
276,tee,,,,
277,sync_file_range,,,,
278,vmsplice,,,,
279,move_pages,,,,
280,utimensat,,,,Fri Jan 15 16:40:35 2021 +0200
281,epoll_pwait,Thu Aug 26 01:26:18 2021 +0000,,,
282,signalfd,Mon Nov 15 20:12:49 2021 +0000,,,
283,timerfd_create,Wed Aug 25 18:08:35 2021 +0000,,,
284,eventfd,Thu Sep 2 16:01:53 2021 +0000,,,
285,fallocate,,,,Tue Apr 28 15:07:40 2020 +0300
286,timerfd_settime,Wed Aug 25 18:08:35 2021 +0000,,,
287,timerfd_gettime,Wed Aug 25 18:08:35 2021 +0000,,,
288,accept4,Sat Oct 2 00:33:05 2021 +0000,,,
289,signalfd4,,,,
290,eventfd2,Thu Sep 2 16:01:53 2021 +0000,,,
291,epoll_create1,Thu Aug 26 01:26:18 2021 +0000,,,
292,dup3,Fri Jul 16 15:25:16 2021 +0000,,,Tue Apr 28 15:07:46 2020 +0300
293,pipe2,Tue May 25 22:57:41 2021 +0000,,,Mon Feb 15 20:14:49 2021 +0200
294,inotify_init1,,,,
295,preadv,,,,Sat May 2 21:18:32 2020 +0300
296,pwritev,,,,Sat May 2 21:18:26 2020 +0300
297,rt_tgsigqueueinfo,Wed Mar 23 21:41:01 2022 +0000,,,
298,perf_event_open,,,,
299,recvmmsg,Tue Oct 26 00:11:19 2021 +0000,,,
300,fanotify_init,,,,
301,fanotify_mark,,,,
302,prlimit64,,,Wed Apr 25 15:33:45 2018 -0400,Thu May 21 12:13:07 2020 +0200
303,name_to_handle_at,,,,
304,open_by_handle_at,,,,
305,clock_adjtime,,,,
306,syncfs,,,Mon Dec 10 19:38:30 2018 -0500,
307,sendmmsg,Tue Oct 26 00:11:19 2021 +0000,,,
308,setns,,,,
309,getcpu,,,,
310,process_vm_readv,Thu Sep 2 20:44:34 2021 +0000,,,
311,process_vm_writev,,,,
312,kcmp,,,,
313,finit_module,,,,
314,sched_setattr,,,,
315,sched_getattr,,,,
316,renameat2,,,,
317,seccomp,,,,
318,getrandom,Thu May 6 03:18:28 2021 +0000,Mon Apr 5 00:58:04 2021 +0900,,Tue Feb 16 17:44:50 2021 +0100
319,memfd_create,Wed Aug 4 22:14:37 2021 +0000,,,
320,kexec_file_load,,,,
321,bpf,,,,
322,execveat,,,,
323,userfaultfd,,,,
324,membarrier,,,,
325,mlock2,,,,
326,copy_file_range,,,,
327,preadv2,,,,
328,pwritev2,,,,
329,pkey_mprotect,,,,
330,pkey_alloc,,,,
331,pkey_free,,,,
332,statx,,,,
333,io_pgetevents,,,,
334,rseq,,,,
